{
    "local_model_score": {
        "loss": 0.9006891250610352,
        "accuracy": 0.7735000252723694
    },
    "s3_best_model_score": {
        "loss": 0.9006890058517456,
        "accuracy": 0.7735000252723694
    }
}